{
  "users": [
    {
      "id": 1,
      "name": "Ignacio Doe",
      "image": "https://global-uploads.webflow.com/5eecfecbe625d195e35b89f2/624bfb093da7d92733c001c0_Ignacio%20Villafruela%20Rodr%C3%ADguez.jpg"
    },
    {
      "id": 2,
      "name": "Jane Bennett",
      "image": "https://global-uploads.webflow.com/5eecfecbe625d195e35b89f2/624bfb401d7131c760ca1c63_Elieska%20Lensink.jpg"
    }
  ],
  "events": [
    {
      "id": 1,
      "createdBy": 1,
      "title": "Trampoline party",
      "description": "Bounce around with your friends",
      "image": "https://i.pinimg.com/736x/3d/2f/af/3d2faf4e3188d34a9fcdc00df59e77b0.jpg",
      "location": "My back yard",
      "startTime": "2023-03-10T18:00",
      "endTime": "2023-08-11T10:56",
      "categoryIds": [
        2
      ]
    },
    {
      "id": 2,
      "createdBy": 1,
      "title": "Laser Tag mania",
      "description": "Let's play laser tag!",
      "image": "https://www.ctvnews.ca/polopoly_fs/1.5118552.1600965663!/httpImage/image.jpg_gen/derivatives/landscape_1020/image.jpg",
      "location": "Blinded by the Lights Laser Tag, 15 Main St.",
      "startTime": "2023-04-06T18:46",
      "endTime": "2023-04-09T21:46",
      "categoryIds": [
        2
      ]
    },
    {
      "id": 3,
      "createdBy": 2,
      "title": "Badminton game",
      "description": "Hit that shuttle!",
      "image": "https://s3.eu-west-2.amazonaws.com/ws-activestirling/production/Badminton/_1200x630_crop_center-center_none/Badminton-3.jpg",
      "location": "The Park",
      "startTime": "2023-08-10T11:38",
      "endTime": "2023-08-26T04:40",
      "categoryIds": [
        1,
        2
      ]
    },
    {
      "id": 4,
      "createdBy": 2,
      "title": "Yoga",
      "description": "It's a bit of a stretch.",
      "image": "https://ymcasouthflorida.org/wp-content/uploads/2019/12/AA2I8910-scaled.jpg",
      "categoryIds": [
        3
      ],
      "location": "Shavasana Yoga School",
      "startTime": "2023-03-09T06:00:00.000Z",
      "endTime": "2023-03-09T07:00:00.000Z"
    },
    {
      "title": "Mountain hike",
      "description": "Mountain climb",
      "image": "https://mythsandmountains.com/wp-content/uploads/2018/09/myths-and-mountains-intro-slide3-1.jpg",
      "location": "Limburg",
      "createdBy": 1,
      "id": 5,
      "endTime": "2023-08-15T11:57",
      "categoryIds": [
        4,
        1
      ]
    },
    {
      "title": "Chess party",
      "description": "Play chess with friends",
      "image": "http://www.reykjavikopen.com/wp-content/uploads/2013/02/so-dz.jpg",
      "startTime": "2023-08-24T19:45",
      "endTime": "2023-08-25T18:40",
      "location": "The chess club",
      "createdBy": 2,
      "categoryIds": [
        1,
        2
      ],
      "id": 6
    },
    {
      "title": "Bungee jump and abseiling",
      "description": "Bungee jump and abseiling Eiffel tower",
      "image": "https://img.libelle.nl/50967060168641822daed64287a796d16793b09d/eiffeltoren-komt-met-spectaculaire-nieuwe-attractie",
      "startTime": "2023-10-13T13:13",
      "endTime": "2023-10-13T19:59",
      "location": "Paris",
      "createdBy": 1,
      "id": 7,
      "categoryIds": [
        1,
        4
      ]
    }
  ],
  "categories": [
    {
      "name": "sports",
      "id": 1
    },
    {
      "name": "games",
      "id": 2
    },
    {
      "name": "relaxation",
      "id": 3
    },
    {
      "name": "travel",
      "id": 4
    }
  ]
}